Email,Password,,Email_Signup,OTP,set_password
tumi95516@gmail.com,Ami@12345,,dobeya9677@carspure.com,,Abcd@12345
dobeya9677@carspure.com,Abcd@12345,,,,
sesag96710@calunia.com,Abcd@12345,,,,
boreg37488@cartep.com,Abcd@12345,,,,
bijicac751@cartep.com,Abcd@12345,,,,
cagos95232@furnato.com,Abcd@12345,,,,
dawok12128@carspure.com,Abcd@12345,,,,
nijave8139@calunia.com,Abcd@12345,,,,
dobeya9677@carspure.com,Abcd@12345,,,,
sesag96710@calunia.com,Abcd@12345,,,,
boreg37488@cartep.com,Abcd@12345,,,,
bijicac751@cartep.com,Abcd@12345,,,,
cagos95232@furnato.com,Abcd@12345,,,,
dawok12128@carspure.com,Abcd@12345,,,,
nijave8139@calunia.com,Abcd@12345,,,,
dobeya9677@carspure.com,Abcd@12345,,,,
sesag96710@calunia.com,Abcd@12345,,,,
boreg37488@cartep.com,Abcd@12345,,,,
bijicac751@cartep.com,Abcd@12345,,,,
cagos95232@furnato.com,Abcd@12345,,,,
dawok12128@carspure.com,Abcd@12345,,,,
nijave8139@calunia.com,Abcd@12345,,,,
dobeya9677@carspure.com,Abcd@12345,,,,
sesag96710@calunia.com,Abcd@12345,,,,
boreg37488@cartep.com,Abcd@12345,,,,
bijicac751@cartep.com,Abcd@12345,,,,
cagos95232@furnato.com,Abcd@12345,,,,
dawok12128@carspure.com,Abcd@12345,,,,
nijave8139@calunia.com,Abcd@12345,,,,
dobeya9677@carspure.com,Abcd@12345,,,,
sesag96710@calunia.com,Abcd@12345,,,,
boreg37488@cartep.com,Abcd@12345,,,,
bijicac751@cartep.com,Abcd@12345,,,,
cagos95232@furnato.com,Abcd@12345,,,,
dawok12128@carspure.com,Abcd@12345,,,,
nijave8139@calunia.com,Abcd@12345,,,,
dobeya9677@carspure.com,Abcd@12345,,,,
sesag96710@calunia.com,Abcd@12345,,,,
boreg37488@cartep.com,Abcd@12345,,,,
bijicac751@cartep.com,Abcd@12345,,,,
cagos95232@furnato.com,Abcd@12345,,,,
dawok12128@carspure.com,Abcd@12345,,,,
nijave8139@calunia.com,Abcd@12345,,,,
dobeya9677@carspure.com,Abcd@12345,,,,
sesag96710@calunia.com,Abcd@12345,,,,
boreg37488@cartep.com,Abcd@12345,,,,
bijicac751@cartep.com,Abcd@12345,,,,
cagos95232@furnato.com,Abcd@12345,,,,
dawok12128@carspure.com,Abcd@12345,,,,
nijave8139@calunia.com,Abcd@12345,,,,
